{
    "type": "deposit",
    "amount_digits_max": 5,
    "amount_digits_min": 2,
    "data": [
        {
            "attr": "amount",
            "attr_type": "number",
            "align": "right",
            "font": "ARIAL.TTF",
            "size": 40,
            "color": "#000000",
            "format": "$%0.2f",
            "underline": false,
            "x": 199,
            "y": 327
        },
        {
            "attr": "date",
            "attr_type": "datetime",
            "align": "right",
            "font": "ARIAL.TTF",
            "size": 15,
            "color": "#000000",
            "format": "%Y-%m-%d",
            "underline": false,
            "x": 312,
            "y": 647
        }
    ]
}