{
    "type": "deposit",
    "amount_digits_max": 5,
    "amount_digits_min": 2,
    "data": [
        {
            "attr": "amount",
            "attr_type": "number",
            "align": "right",
            "font": "ARIAL.TTF",
            "size": 35,
            "color": "#ffffff",
            "format": "$%0.2f",
            "underline": true,
            "x": 759,
            "y": 155
        },
        {
            "attr": "date",
            "attr_type": "datetime",
            "align": "right",
            "font": "ARIAL.TTF",
            "size": 35,
            "color": "#ffffff",
            "format": "%Y-%m-%d",
            "underline": true,
            "x": 786,
            "y": 332
        }
    ]
}